MARCHE_ID;NUMERO_LOT;ACHETEURS_NOM;MARCHE_OBJET;NOTIFICATION_DATE;MONTANT;TITULAIRES_DENOMINATION
20-647;01;COMMUNE DE STRASBOURG;PRESTATIONS D'ASSURANCE POUR LES BESOINS DE LA VILLE DE STRASBOURG;2019-12-30;431000.0;DRABER NEFF ASSURANCES
20-647;05;COMMUNE DE STRASBOURG;PRESTATIONS D'ASSURANCE POUR LES BESOINS DE LA VILLE DE STRASBOURG;2019-12-30;4815.0;DRABER NEFF ASSURANCES
20-647;08;COMMUNE DE STRASBOURG;PRESTATIONS D'ASSURANCE POUR LES BESOINS DE LA VILLE DE STRASBOURG;2019-12-24;21655.0;ASSURANCES PILLIOT
20-647;07;COMMUNE DE STRASBOURG;PRESTATIONS D'ASSURANCE POUR LES BESOINS DE LA VILLE DE STRASBOURG;2019-12-24;19164.0;ASSURANCES PILLIOT
20-647;04;COMMUNE DE STRASBOURG;PRESTATIONS D'ASSURANCE POUR LES BESOINS DE LA VILLE DE STRASBOURG;2019-12-23;52661.0;ASSURANCES SECURITE
20-647;02;COMMUNE DE STRASBOURG;PRESTATIONS D'ASSURANCE POUR LES BESOINS DE LA VILLE DE STRASBOURG;2019-12-23;38379.0;SMACL ASSURANCES
20-647;03;COMMUNE DE STRASBOURG;PRESTATIONS D'ASSURANCE POUR LES BESOINS DE LA VILLE DE STRASBOURG;2019-12-23;37535.0;SMACL ASSURANCES
DC5C6E9A-48BF-40C1-9F15-A806B8C47FB1;None;COMMUNE DE STRASBOURG;REALISATION D'UN SITE FUTSAL AU GYMNASE KARINE C A STRASBOURG- HAUTEPIERRE - PREAU SPORTIF;2019-12-17;436718.62;ACS PRODUCTION
5F0A7CD2-8240-4EE7-B45F-08D3A202C577;None;COMMUNE DE STRASBOURG;TRAVAUX DE CREATION D'UNE SALLE DE GYMNASTIQUE ET MISE EN SECURITE, AMELIORATIONS THERMIQUES ET ACCESSIBILITE HANDICAPEE DU GYMNASE DE LA CANARDIERE A STRASBOURG - PEINTURE INTERIEURE ET EXTERIEURE - NETTOYAGE DE FIN DE CHANTIER;2019-12-11;54269.82;DECOPEINT
CBBABE58-222E-4015-A73C-32A58214F9C8;None;COMMUNE DE STRASBOURG;TRAVAUX DE CREATION D'UNE SALLE DE GYMNASTIQUE ET MISE EN SECURITE, AMELIORATIONS THERMIQUES ET ACCESSIBILITE HANDICAPEE DU GYMNASE DE LA CANARDIERE A STRASBOURG - PLATRERIE;2019-12-11;14600.0;ETABLISSEMENTS ROBERT GEISTEL
92FAF8E8-AB9E-4AE9-91E5-22536A2FA393;None;COMMUNE DE STRASBOURG;TRAVAUX DE CREATION D'UNE SALLE DE GYMNASTIQUE ET MISE EN SECURITE, AMELIORATIONS THERMIQUES ET ACCESSIBILITE HANDICAPEE DU GYMNASE DE LA CANARDIERE A STRASBOURG - REVETEMENT CARRELAGE - FAIENCE;2019-12-10;136915.0;DIPOL
C9D49B22-3827-417F-815F-4C2B79023EE6;None;COMMUNE DE STRASBOURG;TRAVAUX DE CREATION D'UNE SALLE DE GYMNASTIQUE ET MISE EN SECURITE, AMELIORATIONS THERMIQUES ET ACCESSIBILITE HANDICAPEE DU GYMNASE DE LA CANARDIERE A STRASBOURG - SOLS COLLES - SOLS SPORTIFS;2019-12-10;24611.6;LES PEINTURES REUNIES
6CC1B565-EAC7-46A1-9104-0968A97F2511;None;COMMUNE DE STRASBOURG;ELABORATION DE PROFILS DE BAIGNADE SUR DES VOIES D'EAU TRAVERSANT LE TERRITOIRE DE LA VILLE DE STRASBOURG;2019-12-09;378075.0;DENU & PARADON ARCHITECTES
9A2E048B-D9C8-4B96-8E89-4759CEF53B80;None;COMMUNE DE STRASBOURG;REALISATION D'UN SITE FUTSAL AU GYMNASE KARINE C A STRASBOURG- HAUTEPIERRE - ELECTRICITE PREAU;2019-12-06;25880.8;SOC ELECTRICITE ECLAIRAGE ILLUMINATION
3F320A53-6BC7-4C68-9C46-24F67C18894C;None;COMMUNE DE STRASBOURG;REALISATION D'UN SITE FUTSAL AU GYMNASE KARINE C A STRASBOURG- HAUTEPIERRE - EQUIPEMENTS SPORTIFS PREAU;2019-12-06;25841.06;NOUANSPORT
D15C52A2-3B3E-4133-BA40-9860D0DB006F;None;COMMUNE DE STRASBOURG;RESTRUCTURATION ET EXTENSION DU GROUPE SCOLAIRE DU HOHBERG - REVETEMENT DE SOLS SOUPLES;2019-12-05;224971.0;JUNGER FILS
F0FF8669-0D51-485A-B16C-7E0EB25AB418;None;COMMUNE DE STRASBOURG;TRAVAUX DE CREATION D'UN VESTIAIRE ET CLUB HOUSE AU STADE EXES -  ASSAINISSEMENT - PLOMBERIE - SANITAIRE;2019-12-05;181436.14;SOCIETE NOUVELLE TRAU
73F7CECB-9A43-4E1D-AC31-3ADA80D00D29;None;COMMUNE DE STRASBOURG;MISSION DE MAITRISE D'OEUVRE POUR LA RENOVATION ENERGETIQUE DU GYMNASE DE LA ROBERTSAU A STRASBOURG;2019-12-04;120600.0;SWA
93116AE7-47E8-4681-B516-DB2F2ACA32B3;None;COMMUNE DE STRASBOURG;TRAVAUX DE RESTRUCTURATION DU BATIMENT DU CENTRE SOCIO CULTUREL ET DU MULTI ACCUEIL DE L'ELSAU  - TRIBUNE;2019-12-04;48000.0;HUGON
31EB895E-B926-47E9-B100-CA495CE46C22;None;COMMUNE DE STRASBOURG;RESTRUCTURATION ET EXTENSION DU GROUPE SCOLAIRE DU HOHBERG - ASCENSEUR;2019-12-04;25150.0;KONE
CF2CCECD-81BA-4F32-9884-9833346D670D;None;COMMUNE DE STRASBOURG;ACQUISITION D'INSTRUMENTS DE MUSIQUE D'ETUDES ET DE CONCERT, ET D'ACCESSOIRES D'INSTRUMENTS DE MUSIQUE D'ETUDES POUR LA DIRECTION DE LA CULTURE DE LA VILLE DE STRASBOURG  - PIANO DE CONCERT;2019-12-04;None;ARPEGES-ARMAND-MEYER
A3DA97F1-2C62-4D6F-A59B-2734F238E1F0;None;COMMUNE DE STRASBOURG;TRAVAUX DE RESTRUCTURATION DU BATIMENT DU CENTRE SOCIO CULTUREL ET DU MULTI ACCUEIL DE L'ELSAU  - RAVALEMENT PEINTURE NETTOYAGE;2019-12-03;52677.85;MAYART
372B3405-D3EA-4ABB-88B0-4239E37D1438;None;COMMUNE DE STRASBOURG;PRESTATIONS DE NETTOYAGE DANS LE CADRE DES TRAVAUX DE RENOVATION DU PALAIS DES FETES ;2019-12-03;30529.2;PRODUNET
69A423D4-4C08-4C39-B1DE-532FB93B88B0;None;COMMUNE DE STRASBOURG;TRAVAUX DE CREATION D'UN VESTIAIRE ET CLUB HOUSE AU STADE EXES - GROS-OEUVRE;2019-11-28;265257.5;ZWICKERT
F86DC8D4-8152-4501-8693-25AE9D31538F;None;COMMUNE DE STRASBOURG;TRAVAUX DE CREATION D'UN VESTIAIRE ET CLUB HOUSE AU STADE EXES - CHAUFFAGE - VENTILATION;2019-11-27;91215.09;EIFFAGE ENERGIE SYSTEMES - LOHNER
95EC6D2B-5D8E-4C2D-AEAE-A529495AC98F;None;COMMUNE DE STRASBOURG;TRAVAUX DE CREATION D'UN VESTIAIRE ET CLUB HOUSE AU STADE EXES -  ELECTRICITE;2019-11-27;64929.77;SOC ELECTRICITE ECLAIRAGE ILLUMINATION
13A5AF34-8C0C-4405-AD67-FCA7736D3343;None;COMMUNE DE STRASBOURG;TRAVAUX DE CREATION D'UN VESTIAIRE ET CLUB HOUSE AU STADE EXES - COUVERTURE - ETANCHEITE;2019-11-27;47926.59;SOPREMA ENTREPRISES
19-175663;2;COMMUNE DE STRASBOURG;PRESTATIONS D'IMPRESSION ET DE PHOTOGRAVURE POUR LES EDITIONS DES MUSEES DE LA VILLE DE STRASBOURG;2019-11-21;12500.0;DEUX PONTS MANUFACTURE D'HISTOIRES
19-175663;2;COMMUNE DE STRASBOURG;PRESTATIONS D'IMPRESSION ET DE PHOTOGRAVURE POUR LES EDITIONS DES MUSEES DE LA VILLE DE STRASBOURG;2019-11-21;12500.0;GRAPHIUS
19-175663;2;COMMUNE DE STRASBOURG;PRESTATIONS D'IMPRESSION ET DE PHOTOGRAVURE POUR LES EDITIONS DES MUSEES DE LA VILLE DE STRASBOURG;2019-11-21;12500.0;OTT IMPRIMEURS
19-175663;1;COMMUNE DE STRASBOURG;PRESTATIONS D'IMPRESSION ET DE PHOTOGRAVURE POUR LES EDITIONS DES MUSEES DE LA VILLE DE STRASBOURG;2019-11-21;10000.0;GRAPHIUS
19-175663;1;COMMUNE DE STRASBOURG;PRESTATIONS D'IMPRESSION ET DE PHOTOGRAVURE POUR LES EDITIONS DES MUSEES DE LA VILLE DE STRASBOURG;2019-11-21;10000.0;LES ARTISANS DU REGARD
19-175663;4;COMMUNE DE STRASBOURG;PRESTATIONS D'IMPRESSION ET DE PHOTOGRAVURE POUR LES EDITIONS DES MUSEES DE LA VILLE DE STRASBOURG;2019-11-21;10000.0;OTT IMPRIMEURS
19-175663;1;COMMUNE DE STRASBOURG;PRESTATIONS D'IMPRESSION ET DE PHOTOGRAVURE POUR LES EDITIONS DES MUSEES DE LA VILLE DE STRASBOURG;2019-11-21;10000.0;RVB EDITIONS
CA1D3D17-774A-412C-9BB9-37BA9406E818;None;COMMUNE DE STRASBOURG;TRAVAUX DE CREATION D'UNE SALLE DE GYMNASTIQUE ET MISE EN SECURITE, AMELIORATIONS THERMIQUES ET ACCESSIBILITE HANDICAPEE DU GYMNASE DE LA CANARDIERE A STRASBOURG -  -  GROS OEUVRE;2019-11-21;562500.0;L. SCHERBERICH
09C112C1-BE06-4B08-8C21-A8118581865A;None;COMMUNE DE STRASBOURG;TRAVAUX DE CREATION D'UNE SALLE DE GYMNASTIQUE ET MISE EN SECURITE, AMELIORATIONS THERMIQUES ET ACCESSIBILITE HANDICAPEE DU GYMNASE DE LA CANARDIERE A STRASBOURG -  - ELECTRICITE - COURANTS FAIBLES;2019-11-21;233000.0;K3E
385ECEE4-E386-4B85-8337-A16BDD1E4C32;None;COMMUNE DE STRASBOURG;TRAVAUX DE CREATION D'UNE SALLE DE GYMNASTIQUE ET MISE EN SECURITE, AMELIORATIONS THERMIQUES ET ACCESSIBILITE HANDICAPEE DU GYMNASE DE LA CANARDIERE A STRASBOURG -  -  CHAUFFAGE VENTILATION;2019-11-21;158635.54;EJ-ENERGIES
773C80F1-D669-4CB0-8D4E-5E0187E3D509;None;COMMUNE DE STRASBOURG;TRAVAUX DE CREATION D'UNE SALLE DE GYMNASTIQUE ET MISE EN SECURITE, AMELIORATIONS THERMIQUES ET ACCESSIBILITE HANDICAPEE DU GYMNASE DE LA CANARDIERE A STRASBOURG -  -  ASSAINISSEMENT - RESEAUX ENTERRES;2019-11-21;60000.0;BEYER ASSAINISSEMENT
F17FC02D-56F2-417A-A551-1C0CA6641FBE;None;COMMUNE DE STRASBOURG;ACQUISITION D'INSTRUMENTS DE MUSIQUE D'ETUDES ET DE CONCERT, ET D'ACCESSOIRES D'INSTRUMENTS DE MUSIQUE D'ETUDES POUR LA DIRECTION DE LA CULTURE DE LA VILLE DE STRASBOURG  - BOIS/CUIVRES;2019-11-21;None;ARPEGES-ARMAND-MEYER
E58443D6-D2CC-4C89-9755-186050B26ACC;None;COMMUNE DE STRASBOURG;PRESTATIONS D'IMPRESSION ET DE PHOTOGRAVURE POUR LES EDITIONS DES MUSEES DE LA VILLE DE STRASBOURG - PHOTOGRAVURE;2019-11-21;None;R.V.B.EDITIONS
E9328092-E763-49FA-95A7-553606361C39;None;COMMUNE DE STRASBOURG;TRAVAUX DE REMPLACEMENT DE LA CHAMBRE DE COMBUSTION A L'EGLISE ST ALOYSE - NEUDORF;2019-11-19;80787.0;JUNG
7291714E-09F4-4EA2-BB2B-5B6BE03B39AA;None;COMMUNE DE STRASBOURG;RESTRUCTURATION ET EXTENSION DU GROUPE SCOLAIRE DU HOHBERG - MENUISERIE D'AGENCEMENT EXTINTEURS;2019-11-14;437736.87;STUTZMANN AGENCEMENT
98562199-0575-4B8B-9634-B850CAC572AA;None;COMMUNE DE STRASBOURG;RESTRUCTURATION ET EXTENSION DU GROUPE SCOLAIRE DU HOHBERG - MENUSERIES INTERIEURES BOIS;2019-11-13;410000.0;MENUISERIE HUNSINGER
8AEAAA20-A88C-4BE0-B551-6B6CD255EBCF;None;COMMUNE DE STRASBOURG;REALISATION D'UN SITE FUTSAL AU GYMNASE KARINE C A STRASBOURG- HAUTEPIERRE - AMENAGEMENT EXTERIEURS PREAU;2019-11-12;52083.6;EST PAYSAGES D'ALSACE
379694B1-375C-48DA-9490-4BC9FD03152D;None;COMMUNE DE STRASBOURG;ACQUISITION DE CHAISES Y COMPRIS ACCESSOIRES ASSOCIES;2019-11-08;None;BRUNNER
EA454300-4B8D-4305-9C41-81E1982D5D74;None;COMMUNE DE STRASBOURG;REPARATION DES INSTALLATIONS D'ECLAIRAGE PUBLIC ET D'ILLUMINATIONS ENDOMMAGEES PAR SINISTRES OU TRAVAUX;2019-10-31;None;SOC ELECTRICITE ECLAIRAGE ILLUMINATION
19-165392;NUM_LOT_VIDE;COMMUNE DE STRASBOURG;ACQUISITION, LIVRAISON, POSE ET DEPOSE DE SAPINS NATURELS;2019-10-30;320000.0;JURA MORVAN DECORATIONS
1CA3E175-1AC0-4985-9407-57B0F0CAA145;None;COMMUNE DE STRASBOURG;REQUALIFICATION DU SECTEUR LAITERIE A STRASBOURG - ECLAIRAGE PUBLIC;2019-10-30;86355.5;SOC ELECTRICITE ECLAIRAGE ILLUMINATION
13209365-AA64-4F39-A8F7-2B71F1A83E18;None;COMMUNE DE STRASBOURG;RESTRUCTURATION ET EXTENSION DU GROUPE SCOLAIRE DU HOHBERG - MENUISERIE EXTERIEURE ALUMINIUM OCCULTATIONS;2019-10-28;976000.0;ALFRED KLEIN
F1B5B80A-73B0-4FB8-9CD9-7F9EC599FC2F;None;COMMUNE DE STRASBOURG;RESTRUCTURATION ET EXTENSION DU GROUPE SCOLAIRE DU HOHBERG - CHAUFFAGE VENTILATION;2019-10-28;778436.98;EIFFAGE ENERGIE SYSTEMES - LOHNER
05B79C63-88B1-4A2B-B051-4111CC4ACA99;None;COMMUNE DE STRASBOURG;RESTRUCTURATION ET EXTENSION DU GROUPE SCOLAIRE DU HOHBERG - BARDAGES COMPOSITE ET METAL ITE;2019-10-28;499099.0;DEOBAT
A136ECBD-4490-454A-B3F8-A8A5CD52E20D;None;COMMUNE DE STRASBOURG;RESTRUCTURATION ET EXTENSION DU GROUPE SCOLAIRE DU HOHBERG - ETANCHEITE ZINGUERIE;2019-10-28;412847.14;SMAC
55EF4E29-E246-4419-9B26-C091F072D16A;None;COMMUNE DE STRASBOURG;RESTRUCTURATION ET EXTENSION DU GROUPE SCOLAIRE DU HOHBERG - SANITAIRE;2019-10-28;348784.0;SPEYSER LUCIEN ET CIE
48FFCFFF-8F9B-4E3F-93E3-7504E032A137;None;COMMUNE DE STRASBOURG;RESTRUCTURATION ET EXTENSION DU GROUPE SCOLAIRE DU HOHBERG - PEINTURE NETTOYAGE;2019-10-28;212997.25;HITTIER ET FILS
A0081C57-976B-4FBF-95C5-2206DFE09C05;None;COMMUNE DE STRASBOURG;REQUALIFICATION DU SECTEUR LAITERIE A STRASBOURG - AMENAGEMENTS PAYSAGERS;2019-10-28;59818.38;THIERRY MULLER
DADA3503-9CB7-47B9-B6AA-C658487275C3;None;COMMUNE DE STRASBOURG;RESTRUCTURATION ET EXTENSION DU GROUPE SCOLAIRE DU HOHBERG - CARRELAGE FAIENCE;2019-10-28;50216.96;COMPTOIR DES REVETEMENTS DE L'EST
53763BF4-6D6E-4DB1-9540-617C189C2C42;None;COMMUNE DE STRASBOURG;MAINTENANCE PREVENTIVE ET CURATIVE DE DIVERSES INSTALLATIONS DE TRAITEMENT D'EAU DU PATRIMOINE DE LA VILLE DE STRASBOURG;2019-10-28;None;GULDAGIL
0BFE8A80-1457-4B11-8ABE-883A9E2942EA;None;COMMUNE DE STRASBOURG;TRAVAUX POUR LA CREATION D'UN CENTRE TECHNIQUE DU LIVRE A LA MEDIATHEQUE OLYMPES DE GOUGES  - TRAVAUX INTERIEURS TCE ;2019-10-25;386696.14;PARISOT ET COMPAGNIE
2F95499E-550D-4AC8-AE3F-1A61BA1242D3;None;COMMUNE DE STRASBOURG;FOURNITURE, INSTALLATION ET MISE EN OEUVRE D'EQUIPEMENTS SCENIQUES DANS LA GRANDE SALLE DU PALAIS DES FETES;2019-10-24;129914.0;EUROPODIUM
5DF59FCA-27B9-4652-90AC-23ED1D89FC5F;None;COMMUNE DE STRASBOURG;TRAVAUX DE RESTRUCTURATION DU BATIMENT DU CENTRE SOCIO CULTUREL ET DU MULTI ACCUEIL DE L'ELSAU - RECONSULTATION DES LOTS 03, 05, 06 ET 14 - ETANCHEITE BARDAGE ZINGUERIE;2019-10-22;135704.4;SMAC
F284A4E8-A81C-4736-8517-935A95EFDC9E;None;COMMUNE DE STRASBOURG;TRAVAUX DE REHABILITATION PARTIELLE DU CENTRE SOCIO-CULTUREL CAMILLE CLAUS A STRASBOURG - PEINTURE SOLS SOUPLES CARRELAGE;2019-10-22;16913.78;MAYART
75946F6A-1991-4313-A9E2-1B64CC7EAE20;None;COMMUNE DE STRASBOURG;TRAVAUX DE REHABILITATION PARTIELLE DU CENTRE SOCIO-CULTUREL CAMILLE CLAUS A STRASBOURG - SANITAIRE VMC;2019-10-21;13000.0;VONTHRON ENTREPRISES
2C281C35-5DF1-4031-90A5-2CBC8023FFDF;None;COMMUNE DE STRASBOURG;RESTRUCTURATION ET EXTENSION DU GROUPE SCOLAIRE DU HOHBERG - VRD;2019-10-18;653733.07;COLAS NORD-EST
645F4115-0296-491D-91FF-0B6A7DDBB2D7;None;COMMUNE DE STRASBOURG;RESTRUCTURATION ET EXTENSION DU GROUPE SCOLAIRE DU HOHBERG - DESAMIANTAGE CURAGE DEMOLITION;2019-10-18;383575.5;LINGENHELD TRAVAUX SPECIAUX
1A66AC21-877F-4D32-86C8-2BA7F7C3DFFF;None;COMMUNE DE STRASBOURG;TRAVAUX DE RESTRUCTURATION DU BATIMENT DU CENTRE SOCIO CULTUREL ET DU MULTI ACCUEIL DE L'ELSAU  - MENUISERIE INTERIEURE BOIS;2019-10-17;169161.0;MENUISERIE HUNSINGER
9F88714B-41D7-47BB-83EF-9EDC2F85837F;None;COMMUNE DE STRASBOURG;TRAVAUX POUR LA CREATION D'UN CENTRE TECHNIQUE DU LIVRE A LA MEDIATHEQUE OLYMPES DE GOUGES  - CONFORMITE ASCENSEUR;2019-10-17;31352.86;ASCENCEURS ET MULTI SERVICES
D21D7E9A-C49B-4F88-AE25-84FA8CE5D6DB;None;COMMUNE DE STRASBOURG;TRAVAUX DE RESTRUCTURATION DU BATIMENT DU CENTRE SOCIO CULTUREL ET DU MULTI ACCUEIL DE L'ELSAU  - REVETEMENT DE SOL SOUPLE;2019-10-17;29000.0;LES PEINTURES REUNIES
FB3BB163-A204-48D9-BE54-C8831CEFC47E;None;COMMUNE DE STRASBOURG;RESTRUCTURATION ET EXTENSION DU GROUPE SCOLAIRE DU HOHBERG - GROS OEUVRE DEMOLITION STRUCTURELLE;2019-10-16;1289920.0;L. SCHERBERICH
81A3BA51-E0D6-4A9D-9C74-D9F1DF1EC3F0;None;COMMUNE DE STRASBOURG;RESTRUCTURATION ET EXTENSION DU GROUPE SCOLAIRE DU HOHBERG - INSTALLATIONS ELECTRIQUES;2019-10-16;717052.13;ELECTRIFICATION INDUSTRIELLE DE L'EST
23FFE480-E44F-4572-A128-D82DF2843324;None;COMMUNE DE STRASBOURG;TRAVAUX DE REFECTION DE LA TOITURE DU GROUPE SCOLAIRE DE LA MUSAU - TRAVAUX DE COUVERTURE;2019-10-16;572358.83;PIASENTIN
308247A3-52C5-4807-8909-E8C660AED78D;None;COMMUNE DE STRASBOURG;TRAVAUX DE RESTRUCTURATION DU BATIMENT DU CENTRE SOCIO CULTUREL ET DU MULTI ACCUEIL DE L'ELSAU  - GROS OEUVRE AMENAGEMENTS EXTERIEURS RESEAUX;2019-10-16;179800.0;ZWICKERT
5575640A-1ECF-4771-8002-1B630B810E39;None;COMMUNE DE STRASBOURG;TRAVAUX DE RESTRUCTURATION DU BATIMENT DU CENTRE SOCIO CULTUREL ET DU MULTI ACCUEIL DE L'ELSAU  - OSSATURE ESCALIER SERRURERIE;2019-10-16;113906.0;SCHAFFNER
4C58F1A1-56C2-43DC-A83E-E44C5E30DABF;None;COMMUNE DE STRASBOURG;TRAVAUX DE REHABILITATION PARTIELLE DU CENTRE SOCIO-CULTUREL CAMILLE CLAUS A STRASBOURG - ELECTRICITE;2019-10-16;34450.0;SCHORO ELECTRICITE
536D91DB-739D-4669-AE6D-104DD675DAD4;None;COMMUNE DE STRASBOURG;TRAVAUX DE RESTRUCTURATION DU BATIMENT DU CENTRE SOCIO CULTUREL ET DU MULTI ACCUEIL DE L'ELSAU  - CARRELAGE FAIENCE;2019-10-16;12928.66;COMPTOIR DES REVETEMENTS DE L'EST
27A9C1A8-7980-4B44-846F-7B25208C867A;None;COMMUNE DE STRASBOURG;TRAVAUX DE REHABILITATION PARTIELLE DU CENTRE SOCIO-CULTUREL CAMILLE CLAUS A STRASBOURG - MENUISERIE INTERIEURE BOIS;2019-10-16;8240.14;MENUISERIE ZYTO
7907949F-9975-44D6-A94A-86D22EDCDB35;None;COMMUNE DE STRASBOURG;TRAVAUX DE REHABILITATION PARTIELLE DU CENTRE SOCIO-CULTUREL CAMILLE CLAUS A STRASBOURG - PLATRERIE ISOLATION;2019-10-15;21000.0;OLRY CLOISONS
19-163880;01;COMMUNE DE STRASBOURG;ORGANISATION ET CONDUITE DE PRESTATIONS DE TRANSPORT, D'EMBALLAGE, DE MANUTENTION ET D'IMPLANTATION D'OEUVRES D'ART POUR LE POLE D'ETUDE ET DE CONSERVATION DES MUSEES DE LA VILLE DE STRASBOURG;2019-10-14;292392.0;AXAL ARTRANS
19-156214;NUM_LOT_VIDE;COMMUNE DE STRASBOURG;CETTE CONSULTATION COMPREND DES PRIX MIXTES. - LES PRESTATIONS COURANTES DONT LE LIBELLE EST DONNE DANS LE CCTP FONT L'OBJET D'UN MARCHE ORDINAIRE A PRIX GLOBAL ET FORFAITAIRE ANNUEL - LES PRESTATIONS EXCEPTIONNELLES TELLES QUE DEFINIES DANS LE BORDEREAU DES PRIX UNITAIRES FONT L'OBJET DE BONS DE COMMANDE SANS MONTANT MINIMUM NI MONTANT MAXIMUM. LES BONS DE COMMANDE SERONT NOTIFIES PAR LE POUVOIR ADJUDICATEUR AU FUR ET A MESURE DES BESOINS.;2019-10-14;92176.0;AU PORT UNES
19-163880;03;COMMUNE DE STRASBOURG;ORGANISATION ET CONDUITE DE PRESTATIONS DE TRANSPORT, D'EMBALLAGE, DE MANUTENTION ET D'IMPLANTATION D'OEUVRES D'ART POUR LE POLE D'ETUDE ET DE CONSERVATION DES MUSEES DE LA VILLE DE STRASBOURG;2019-10-14;10254.0;AXAL ARTRANS
19-163880;02;COMMUNE DE STRASBOURG;ORGANISATION ET CONDUITE DE PRESTATIONS DE TRANSPORT, D'EMBALLAGE, DE MANUTENTION ET D'IMPLANTATION D'OEUVRES D'ART POUR LE POLE D'ETUDE ET DE CONSERVATION DES MUSEES DE LA VILLE DE STRASBOURG;2019-10-14;9556.0;AXAL ARTRANS
EDD91B96-7D5A-4BEA-9944-0CD3EF893336;None;COMMUNE DE STRASBOURG;TRAVAUX DE RESTRUCTURATION DU BATIMENT DU CENTRE SOCIO CULTUREL ET DU MULTI ACCUEIL DE L'ELSAU - RECONSULTATION DES LOTS 03, 05, 06 ET 14 - CHAUFFAGE VENTILATION CLIMATISATION;2019-10-10;190520.43;EIFFAGE ENERGIE SYSTEMES - LOHNER
3C35A478-8A70-42FC-B820-5F3F1A4D6955;None;COMMUNE DE STRASBOURG;TRAVAUX DE RESTRUCTURATION DU BATIMENT DU CENTRE SOCIO CULTUREL ET DU MULTI ACCUEIL DE L'ELSAU - RECONSULTATION DES LOTS 03, 05, 06 ET 14 - CHARPENTE BOIS;2019-10-10;36000.0;PIASENTIN
19-153129;NUM_LOT_VIDE;COMMUNE DE STRASBOURG;CONCEPTION, FOURNITURE, POSE ET ENTRETIEN D'UNE SIGNALETIQUE PATRIMONIALE;2019-10-09;680000.0;JC DECAUX FRANCE
AE419F28-05CC-406B-AE2F-E7C5C0214AFC;None;COMMUNE DE STRASBOURG;INSTALLATION DE BATIMENTS MODULAIRES, POUR DE NOUVELLES CLASSES, A L'ECOLE ELEMENTAIRE DES ROMAINS ,38 RUE DE LA TOUR A STRASBOURG;2019-10-08;576682.89;II VINCI CONCEPTS MODULAIRES
C4DD2EE0-B1CF-47C8-BA5F-BB8642C7B0FA;None;COMMUNE DE STRASBOURG;MISSION DE MAITRISE D'OEUVRE RELATIVE A L'AMENAGEMENT D'UNE MAISON DE SPORT SANTE (MSS) DANS L'AILE MEDICALE DES BAINS MUNICIPAUX A STRASBOURG;2019-10-07;449946.0;MICHEL SPITZ ARCHITECTE
3CED3F92-0590-4653-AF05-883F02C93407;None;COMMUNE DE STRASBOURG;GESTION ETANIMATION DE LA MAISON DU PARC NATUREL URBAIN DE STRASBOURG;2019-10-04;70000.0;LE LABO DES PARTENARIATS
0477BB61-6047-4DED-A0B5-9CDC0624A922;None;COMMUNE DE STRASBOURG;FOURNITURE DE VIDEOPROJECTEURS EN EXTERIEUR POUR ILLUMINATIONS DE BATIMENTS;2019-10-04;None;CONCEPT LIGHT
69CD78C1-9E14-4586-953B-5A00F716B687;None;COMMUNE DE STRASBOURG;MAINTENANCE DES EQUIPEMENTS TECHNIQUES DU MUSEE D'ART MODERNE ET CONTEMPORAIN - PROTECTION CONTRE LA FOUDRE;2019-10-01;525.0;SONOREST
702360DA-ED56-4FCB-9165-3D3650078577;None;COMMUNE DE STRASBOURG;TRAVAUX DE REFECTION DE LA TOITURE DU GROUPE SCOLAIRE DE LA MUSAU - TRAVAUX D'ELECTRICITE (PARATONNERRE);2019-09-30;7991.0;PROTIBAT
C4545C11-2D56-4A52-8D86-D2DEE16F8255;None;COMMUNE DE STRASBOURG;ACQUISITION ET LIVRAISON DE MOQUETTES POUR DIVERSES MANIFESTATIONS SUR LE TERRITOIRE DE L'EUROMETROPOLE DE STRASBOURG;2019-09-30;None;LMS
9E2EE349-2F6E-45F6-B4CF-A99985577CEC;None;COMMUNE DE STRASBOURG;ACQUISITION ET LIVRAISON DE MOQUETTES POUR DIVERSES MANIFESTATIONS SUR LE TERRITOIRE DE LA VILLE DE STRASBOURG;2019-09-30;None;VIF DIFFUSION
A59B24DA-BD93-4A86-8EB9-43227B223DA1;None;COMMUNE DE STRASBOURG;TRAVAUX DE RENOVATION DE L'ECLAIRAGE PUBLIC DES RUES ERCKMANN CHATRIAN ET SCHILLER A STRASBOURG;2019-09-23;76045.5;SOC ELECTRICITE ECLAIRAGE ILLUMINATION
86374B7B-2656-4128-BFF0-EF26D1988E85;None;COMMUNE DE STRASBOURG;PRESTATIONS DE DEMENAGEMENT DANS LE CADRE DES TRAVAUX DE RESTRUCTURATION ET EXTENSION DU GROUPE SCOLAIRE DU HOHBERG A STRASBOURG;2019-09-20;38462.0;RHENUS LOGISTICS ALSACE
415C8AA3-98C9-45BF-B64C-88960AA5A92C;None;COMMUNE DE STRASBOURG;MAINTENANCE DES EQUIPEMENTS TECHNIQUES DU MUSEE D'ART MODERNE ET CONTEMPORAIN - ELECTRICITE COURANT FAIBLE G.TC. VOL VIDEO  ;2019-09-19;130540.0;ELECTRICITE REMOND
1F457083-F636-4959-8205-BE7F24E04DB1;None;COMMUNE DE STRASBOURG;PRESTATIONS DE MAINTENANCE ET D'ENTRETIEN MULTITECHNIQUE DU MAILLON-WACKEN A STRASBOURG;2019-09-18;None;SPIE FACILITIES
17AECEA5-7E4E-4936-ABEC-9F33243B506E;None;COMMUNE DE STRASBOURG;TRAVAUX DE RESTAURATION DE LA COUR CONRATH DANS LES BATIMENTS DE L'HOTEL DE VILLE A STRASBOURG - RESTAURATION DES MENUISERIES COMPLEMENTAIRES - SERRURERIE;2019-09-17;84804.0;NOUYRIT METALLERIE
C9A0753F-70D7-4F6B-A0C9-A40E4FB1AA0A;None;COMMUNE DE STRASBOURG;TRAVAUX DE CHAUFFAGE ET VENTILATION AU STADE DE LA THUR A STRASBOURG;2019-09-13;69000.0;THERMO CONCEPTS
713FBAEC-253E-4355-BD8F-7965C322FB3F;None;COMMUNE DE STRASBOURG;TRAVAUX DE MISE EN SECURITE DU GROUPE SCOLAIRE REUSS A STRASBOURG - MENUSIERIE INTERIEURE BOIS;2019-09-09;376700.31;STUTZMANN AGENCEMENT
DFA8FE0C-66A8-4991-BE23-479D374A081B;None;COMMUNE DE STRASBOURG;AMENAGEMENT DE BUREAUX DANS L'IMMEUBLE SITUE 15 RUE DES JUIFS A STRASBOURG - SERRURERIE METALLERIE;2019-09-06;370000.0;SCHAFFNER
95EE9C0F-C474-4D61-842A-5170315189FF;None;COMMUNE DE STRASBOURG;AMENAGEMENT DE BUREAUX DANS L'IMMEUBLE SITUE 15 RUE DES JUIFS A STRASBOURG - MENUISERIES EXTERIEURES;2019-09-06;119871.0;VOB
237E1C99-0F03-4E59-A46E-D4035A4C3CE8;None;COMMUNE DE STRASBOURG;TRAVAUX DE CONSTRUCTION DU NOUVEAU RESTAURANT DU GROUPE SCOLAIRE DU SCHLUTHFELD A STRASBOURG - DOUBLAGES - CLOISONS - FAUX PLAFONDS;2019-09-06;79000.0;AKPRO
9ED0E204-BCAD-4F5A-8FD9-55AEBEFB1C56;None;COMMUNE DE STRASBOURG;TRAVAUX D'INSTALLATION D'AUTOMATES POUR LE PILOTAGE ET LA GESTION DES EQUIPEMENTS ENERGETIQUES DANS DIVERS BATIMENTS DE LA VILLE DE STRASBOURG   - MEDIATHEQUE NEUDORF;2019-09-05;11623.87;ARCOM AUTOMATION
643B9D4F-2919-4B22-9646-8D10F3675412;None;COMMUNE DE STRASBOURG;TRAVAUX D'INSTALLATION D'AUTOMATES POUR LE PILOTAGE ET LA GESTION DES EQUIPEMENTS ENERGETIQUES DANS DIVERS BATIMENTS DE LA VILLE DE STRASBOURG   - MAISON DE L'ENFANCE WASSELONNE;2019-09-05;4661.78;ARCOM AUTOMATION
C3698A73-EC97-416E-9192-DF751AB4D1C6;None;COMMUNE DE STRASBOURG;CONCEPTION ET REALISATION D'UNE SCENOGRAPHIE ARTISTIQUE DE LA PLACE KLEBER ET MISE EN LUMIERE DU GRAND SAPIN A L'OCCASION DE STRASBOURG CAPITALE DE NOEL 2019 A 2021;2019-09-04;150000.0;SIGMATECH
5638BC45-4C71-409C-87B9-18DA9F18EC55;None;COMMUNE DE STRASBOURG;PRESTATIONS DE SCENOGRAPHIE POUR L'EXPOSITION 'L'OEIL DE HUYSMANS : MANET, DEGAS, MOREAU';2019-09-04;24980.0;CASANOVA*/FREDERIC  /
A6C73DE9-D230-4DB5-B9C2-A81E4E4C53B7;None;COMMUNE DE STRASBOURG;TRAVAUX D'INSTALLATION D'AUTOMATES POUR LE PILOTAGE ET LA GESTION DES EQUIPEMENTS ENERGETIQUES DANS DIVERS BATIMENTS DE LA VILLE DE STRASBOURG   - POLE DE SERVICE HAUTEPIERRE;2019-09-04;18284.9;SANOLEC
2715879C-C875-4003-8C60-AFD52BBA6CD5;None;COMMUNE DE STRASBOURG;TRAVAUX D'INSTALLATION D'AUTOMATES POUR LE PILOTAGE ET LA GESTION DES EQUIPEMENTS ENERGETIQUES DANS DIVERS BATIMENTS DE LA VILLE DE STRASBOURG   - CSC ELSAU;2019-09-04;10341.13;SANOLEC
8F97FF6B-370E-4DF2-ABB9-D602721AA1AF;None;COMMUNE DE STRASBOURG;TRAVAUX D'INSTALLATION D'AUTOMATES POUR LE PILOTAGE ET LA GESTION DES EQUIPEMENTS ENERGETIQUES DANS DIVERS BATIMENTS DE LA VILLE DE STRASBOURG   - GROUPE SCOLAIRE JACQUELINE;2019-09-04;6435.41;SANOLEC
F8A9115B-DBF7-44D4-93A2-86963A7D4199;None;COMMUNE DE STRASBOURG;AMENAGEMENT DE BUREAUX DANS L'IMMEUBLE SITUE 15 RUE DES JUIFS A STRASBOURG - STRUCTURE INSTALLATION DE CHANTIER RENFORCEMENT STRUCTURELS;2019-08-29;120000.0;CONCEPTEURS BATISSEURS ASSEMBLEURS
3CDFC1AC-ECF3-49BF-8BEF-1F1AC5735434;None;COMMUNE DE STRASBOURG;RENOVATION ET MAINTENANCE LOURDE DE LA VILLA MASSOL ;2019-08-28;777777.77;BOUYGUES BATIMENT NORD-EST
0D5D68AE-5441-475F-8526-BB08A56C6889;None;COMMUNE DE STRASBOURG;TRAVAUX DE REAMENAGEMENT DE LA RUE MICHEL-ANGE (DE LA RUE VELASQUEZ A LA RUE DE L'UNTERELSAU) A STRASBOURG-ELSAU (ECLAIRAGE PUBLIC ET AMENAGEMENTS PAYSAGERS) - AMENAGEMENTS PAYSAGERS;2019-08-20;59779.05;IDVERDE
993E9A21-30A3-4918-A254-2DA3BA092B82;None;COMMUNE DE STRASBOURG;AMENAGEMENT DE BUREAUX DANS L'IMMEUBLE SITUE 15 RUE DES JUIFS A STRASBOURG - ASCENSEUR - MONTE-HANDICAPE;2019-08-19;39400.0;ASCENSEUR MONTAGE SYSTEME
B174D5D7-E50D-450C-A196-DD5416826956;None;COMMUNE DE STRASBOURG;AMENAGEMENT DE BUREAUX DANS L'IMMEUBLE SITUE 15 RUE DES JUIFS A STRASBOURG - CARRELAGE - FAIENCE;2019-08-16;4855.0;DIPOL
864CC73E-D3F4-44EB-8680-50D0E401C64A;None;COMMUNE DE STRASBOURG;AMENAGEMENT D'UNE MAISON DE SPORT SANTE (MSS) DANS L'AILE MEDICALE DES BAINS MUNICIPAUX A STRASBOURG , LOTS NDEG 01, CONTROLE TECHNIQUE ET 02 COORDINATION SECURITE PROTECTION SANTE (CSPS) - MISSION DE COORDINATION SPS;2019-08-13;11320.0;SOCOTEC FRANCE
D12002D2-BC0E-41B3-BBC1-059DDAA6FE6C;None;COMMUNE DE STRASBOURG;AMENAGEMENT DE BUREAUX DANS L'IMMEUBLE SITUE 15 RUE DES JUIFS A STRASBOURG - REVETEMENTS MURAUX - PEINTURE;2019-08-12;26399.5;SPS PEINTURES
3FF32D0A-C18B-4ECB-B647-1DA7B978D9F1;None;COMMUNE DE STRASBOURG;RENOVATION DE L'ECLAIRAGE PUBLIC RUE DES CORPS DE GARDE A STRASBOURG NEUHOF;2019-08-08;106826.5;SOC ELECTRICITE ECLAIRAGE ILLUMINATION
0399DD0E-B05C-4F81-BB05-C4CA665A8F40;None;COMMUNE DE STRASBOURG;AMENAGEMENT DE BUREAUX DANS L'IMMEUBLE SITUE 15 RUE DES JUIFS A STRASBOURG - MENUISERIE - AGENCEMENT;2019-08-08;28417.0;REIMEL MICHAEL
71FAD214-C526-486D-8A3F-51798E30762C;None;COMMUNE DE STRASBOURG;TRAVAUX DE REAMENAGEMENT DE LA RUE ARTHUR WEEBER A STRASBOURG MEINAU - TRAVAUX D'ECLAIRAGE ET D'AMENAGEMENTS PAYSAGERS  - AMENAGEMENTS PAYSAGERS;2019-08-07;None;EST PAYSAGES D'ALSACE
3E7CF22E-5A2D-4E8A-91B9-93E384C98807;None;COMMUNE DE STRASBOURG;TRAVAUX DE REAMENAGEMENT DE LA RUE ARTHUR WEEBER A STRASBOURG MEINAU - TRAVAUX D'ECLAIRAGE ET D'AMENAGEMENTS PAYSAGERS  - ECLAIRAGE PUBLIC;2019-08-07;None;SPIE CITYNETWORKS
C18E14CF-A20F-49DE-AAFC-FEF8C1AC3BD0;None;COMMUNE DE STRASBOURG;PRESTATIONS D'ACCORDS DE PIANO POUR LA DIRECTION DE LA CULTURE DE LA VILLE DE STRASBOURG - POUR LES PIANOS DU CENTRE CHOREGRAPHIQUE, DU TAPS ET DES PIANOS MIS A DISPOSITION DES ECOLES DE MUSIQUE;2019-08-06;None;ARPEGES-ARMAND-MEYER
1B12999C-A7EC-4F15-BDC7-F2DD2981B24B;None;COMMUNE DE STRASBOURG;LOCATION D'UN DISPOSITIF SCENIQUE SUR LA PLACE KLEBER DANS LE CADRE DU FESTIVAL DES ARTS DE LA RUE DE STRASBOURG 2019;2019-08-02;9960.0;EVENT SYSTEM
FA8A9275-9264-4B12-8D0C-C44A25C27B72;None;COMMUNE DE STRASBOURG;TRAVAUX DE REAMENAGEMENT DE LA PLACE MATHIAS MERIAN A STRASBOURG CENTRE;2019-08-01;225387.12;THIERRY MULLER
19-132282;1;COMMUNE DE STRASBOURG;PRESTATIONS DE SERVICE POUR LA REALISATION DE CHANTIERS DES COLLECTIONS DES MUSEES DE LA VILLE DE STRASBOURG;2019-07-31;229432.0;GROUP RECHERC ART HISTOI ACHITECT LITT
2BEDCB8A-CFA6-4D9F-9744-5CAA0692BA0A;None;COMMUNE DE STRASBOURG;TRAVAUX DE MISE EN SECURITE DU GROUPE SCOLAIRE REUSS A STRASBOURG - GROS OEUVRE;2019-07-31;210000.0;LES BATISSEURS ASSOCIES
E13276D6-1A8B-4A67-8B5F-F7AEDF933C35;None;COMMUNE DE STRASBOURG;TRAVAUX DE REAMENAGEMENT DE LA RUE MICHEL-ANGE (DE LA RUE VELASQUEZ A LA RUE DE L'UNTERELSAU) A STRASBOURG-ELSAU (ECLAIRAGE PUBLIC ET AMENAGEMENTS PAYSAGERS) - ECLAIRAGE PUBLIC;2019-07-31;189658.0;SOGECA
69169D09-3831-417D-BB82-5D529DD029A7;None;COMMUNE DE STRASBOURG;TRAVAUX DE MISE EN SECURITE DU GROUPE SCOLAIRE REUSS A STRASBOURG - PENITURE SOLS;2019-07-31;120838.01;DECOPEINT
19-132282;3;COMMUNE DE STRASBOURG;PRESTATIONS DE SERVICE POUR LA REALISATION DE CHANTIERS DES COLLECTIONS DES MUSEES DE LA VILLE DE STRASBOURG;2019-07-30;95098.0;GROUP RECHERC ART HISTOI ACHITECT LITT
EB55AD99-114B-4D3F-943B-9DC10175F37C;None;COMMUNE DE STRASBOURG;MISSION DE MAITRISE D'OEUVRE POUR LA RENOVATION DE L'ENVELOPPE ET LA MISE EN SECURITE ET EN ACCESSIBILITE DE L'ECOLE MATERNELLE MEINAU A STRASBOURG;2019-07-30;124300.0;BERNARD WEIXLER ARCHITECTE
447C6317-E069-480F-8D7B-AE7383FE23A5;None;COMMUNE DE STRASBOURG;AMENAGEMENT DE BUREAUX DANS L'IMMEUBLE SITUE 15 RUE DES JUIFS A STRASBOURG - PARQUET;2019-07-30;85000.67;ENTREPRISE DE PARQUETS SINGER
C851F7D3-E872-480B-8312-422B506368B2;None;COMMUNE DE STRASBOURG;AMENAGEMENT DE BUREAUX DANS L'IMMEUBLE SITUE 15 RUE DES JUIFS A STRASBOURG - SANITAIRE / ASSAINISSEMENT / CVC;2019-07-27;64888.01;FRANCOIS ET FILS
9E5E3388-77D6-4814-93AE-535405C52AE5;None;COMMUNE DE STRASBOURG; MISE EN PLACE ET ANIMATION D'UNE PLATEFORME DE CAPTATION DES LOGEMENTS A DES FINS D'INTERMEDIATION LOCATIVE;2019-07-26;177830.0;HH GESTION ALSACE
720D4D7E-EAF6-456B-94EE-3816BD0D8B32;None;COMMUNE DE STRASBOURG;AMENAGEMENT DE BUREAUX DANS L'IMMEUBLE SITUE 15 RUE DES JUIFS A STRASBOURG - ELECTRICITE - COURANT FAIBLE / COURANT FORT;2019-07-26;152176.54;ELECTRICITE VINCENTZ NORD-ALSACE
5C985565-C9B1-45A1-8B42-464250E8A1FA;None;COMMUNE DE STRASBOURG;AMENAGEMENT DE BUREAUX DANS L'IMMEUBLE SITUE 15 RUE DES JUIFS A STRASBOURG - RAVALEMENT DE FACADES-ECHAFAUDAGES;2019-07-26;8447.6;DECOPEINT
4B0EAA72-9C17-4FE2-A319-8DBCC6CF1F08;None;COMMUNE DE STRASBOURG;AMENAGEMENT DE BUREAUX DANS L'IMMEUBLE SITUE 15 RUE DES JUIFS A STRASBOURG - CLOISONS - DOUBLAGES - FAUX-PLAFONDS;2019-07-25;69000.0;WEREY PLATRES ET STAFF
EC71449A-8896-4EF0-9350-DD9020B6FB64;None;COMMUNE DE STRASBOURG;AMENAGEMENT DU PROJET ARCHIPEL 2 DEMOLITIONS ET DEVOIEMENT DE RESEAUX - DEMOLITIONS;2019-07-19;183665.0;CARDEM
3B89DD52-C6ED-4E2D-AB29-4DD6589F1DA1;None;COMMUNE DE STRASBOURG;AMENAGEMENT DU PROJET ARCHIPEL 2 DEMOLITIONS ET DEVOIEMENT DE RESEAUX - DEVOIEMENT DE RESEAUX;2019-07-19;143120.0;SOC ELECTRICITE ECLAIRAGE ILLUMINATION
229B388B-C708-4AE9-ADDC-BDA28486FC53;None;COMMUNE DE STRASBOURG;TRAVAUX DE RESTAURATION DE LA COUR CONRATH DANS LES BATIMENTS DE L'HOTEL DE VILLE A STRASBOURG - RESTAURATION DES MENUISERIES COMPLEMENTAIRES - PEINTURE;2019-07-15;15505.5;KRATZEISEN PEINTURE
E3977339-05B1-424A-B9A3-7AEB8E5EB4C3;None;COMMUNE DE STRASBOURG;FOURNITURE ET INSTALLATION D'EQUIPEMENTS DE CUISINE (LAVE-BATTERIE, CHAMBRE FROIDE, BAIN-MARIE, CHARIOT ISOTHERME, MEUBLE DE TRI...) - LOT 04;2019-07-12;62316.0;AXIMA REFRIGERATION FRANCE
80519D8F-CCA7-4330-B34C-95970741845D;None;COMMUNE DE STRASBOURG;CREATION DE CHARTES GRAPHIQUES DIGITALES (WEB ET MOBILES) POUR LA VILLE DE STRASBOURG;2019-07-12;None;PAN !
7FDA3B85-4998-4446-B771-0351867360B0;None;COMMUNE DE STRASBOURG;PRESTATIONS D'ACCORDS DE PIANO POUR LA DIRECTION DE LA CULTURE DE LA VILLE DE STRASBOURG - POUR LES PIANOS DU CONSERVATOIRE A RAYONNEMENT REGIONNAL;2019-07-11;None;ARPEGES-ARMAND-MEYER
67F30CEF-6436-4FC7-94C5-D20EA9754FFC;None;COMMUNE DE STRASBOURG;PRESTATION DE NETTOYAGE DANS DIVERSES ECOLES DE LA VILLE DE STRASBOURG - GROUPE SCOLAIRE MARCELLE CAHN;2019-07-01;137500.0;LIMA SERVICES
19-109319;5;COMMUNE DE STRASBOURG;19VDS0002 PRESTATION DE NETTOYAGE DANS DIVERSES ECOLES DE LA VILLE DE STRASBOURG;2019-06-28;137500.0;LIMA SERVICES
19-109319;1;COMMUNE DE STRASBOURG;19VDS0002 PRESTATION DE NETTOYAGE DANS DIVERSES ECOLES DE LA VILLE DE STRASBOURG;2019-06-28;134530.0;CARONET
19-109319;2;COMMUNE DE STRASBOURG;19VDS0002 PRESTATION DE NETTOYAGE DANS DIVERSES ECOLES DE LA VILLE DE STRASBOURG;2019-06-28;105731.0;AU PORT UNES
19-109319;3;COMMUNE DE STRASBOURG;19VDS0002 PRESTATION DE NETTOYAGE DANS DIVERSES ECOLES DE LA VILLE DE STRASBOURG;2019-06-28;100595.0;CARONET
19-109319;4;COMMUNE DE STRASBOURG;19VDS0002 PRESTATION DE NETTOYAGE DANS DIVERSES ECOLES DE LA VILLE DE STRASBOURG;2019-06-28;97872.0;CARONET
19-109319;9;COMMUNE DE STRASBOURG;19VDS0002 PRESTATION DE NETTOYAGE DANS DIVERSES ECOLES DE LA VILLE DE STRASBOURG;2019-06-28;90310.0;LIMA SERVICES
19-109319;7;COMMUNE DE STRASBOURG;19VDS0002 PRESTATION DE NETTOYAGE DANS DIVERSES ECOLES DE LA VILLE DE STRASBOURG;2019-06-28;82500.0;LIMA SERVICES
19-109319;6;COMMUNE DE STRASBOURG;19VDS0002 PRESTATION DE NETTOYAGE DANS DIVERSES ECOLES DE LA VILLE DE STRASBOURG;2019-06-28;77528.0;AU PORT UNES
19-109319;11;COMMUNE DE STRASBOURG;19VDS0002 PRESTATION DE NETTOYAGE DANS DIVERSES ECOLES DE LA VILLE DE STRASBOURG;2019-06-28;60032.0;SERNET
19-109319;8;COMMUNE DE STRASBOURG;19VDS0002 PRESTATION DE NETTOYAGE DANS DIVERSES ECOLES DE LA VILLE DE STRASBOURG;2019-06-28;48484.0;ATALIAN PROPRETE EST
20192019T0000300;None;COMMUNE DE STRASBOURG;FOURNITURE ET INSTALLATION D'UN PANNEAU LED FULL COLOR ET ACCESSOIRES POUR L'AFFICHAGE DES SCORES A LA PISCINE DE LA KIBITZENAU;2019-06-28;29334.0;STRAMATEL
373BFDC1-2A8C-419C-8FCF-060F39D38179;None;COMMUNE DE STRASBOURG;REAMENAGEMENT DE LA RUE COULAUX ET DE LA PLACETTE ROUTE DE L'ILE-DES-EPIS A STRASBOURG PORT DU RHIN  - ECLAIRAGE PUBLIC;2019-06-27;39918.0;SOC ELECTRICITE ECLAIRAGE ILLUMINATION
E14CD727-AB2C-4404-AC6E-045BA1274E8A;None;COMMUNE DE STRASBOURG;FOURNITURE DE REPAS EN LIAISON FROIDE, PRISE EN CHARGE DE L'ORGANISATION DU SERVICE ET ENTRETIEN DU RESTAURANT DE L'ECOLE EUROPEENNE DE STRASBOURG DESTINE A L'ACCUEIL DES CONVIVES SCOLARISES (3 A 18 ANS) ET DU PERSONNEL DE CET ETABLISSEMENT;2019-06-26;None;ALSACIENNE DE RESTAURATION
57825DF4-685E-4F08-A202-FB10DB35CECA;None;COMMUNE DE STRASBOURG;MISSION DE MAITRISE D'OEUVRE POUR DES TRAVAUX DE RENOVATION DE LA BATISSE ATTENANTE A LA TOUR HEINRICH ET REFECTION DU PLANCHER DE LA TOUR D'ALTENHEIM AUX PONTS COUVERTS A STRASBOURG;2019-06-25;38599.6;ATELIER DETB
D8E7A6E4-9526-4936-88B9-DB3B744F208A;None;COMMUNE DE STRASBOURG;PRESTATION DE NETTOYAGE DANS DIVERSES ECOLES DE LA VILLE DE STRASBOURG - GROUPE SCOLAIRE POURTALES ET NIEDERAU;2019-06-24;134530.0;CARONET
AFE4A382-1BC3-44E7-A27C-573FF5C3D09F;None;COMMUNE DE STRASBOURG;TRAVAUX DE CREATION D'UNE SUR-TOITURE SUR LES MODULAIRES DE LA RUE D'OR;2019-06-24;127043.2;BECK COUVERTURE
45755AA1-E8D6-46D6-8A05-39D9F2AD6E5A;None;COMMUNE DE STRASBOURG;AUDIT DE L'ENCADREMENT ET DE L'ACCUEIL DES ENFANTS PENDANT LA PAUSE MERIDIENNE (M24);2019-06-24;39000.0;KPMG EXPERTISE ET CONSEIL
19-96384;NUM_LOT_VIDE;COMMUNE DE STRASBOURG;MISSION D'ENSEMBLIER PORTANT SUR LA COORDINATION LOGISTIQUE, AMENAGEMENTS TECHNIQUES DES LIEUX ET GESTION ADMINISTRATIVE DES BIBLIOTHEQUES IDEALES 2019;2019-06-21;154017.0;ORNORMEDIAS
733D77F1-91D2-4490-AF1F-B081D1D4B424;None;COMMUNE DE STRASBOURG;MISSION D'ENSEMBLIER PORTANT SUR LA COORDINATION LOGISTIQUE, AMENAGEMENTS TECHNIQUES DES LIEUX ET GESTION ADMINISTRATIVE DES BIBLIOTHEQUES IDEALES 2019;2019-06-21;154017.4;HALLER*LISA SOPHIE/
0334D4E1-F0FC-4DF0-953A-70B0E63E6479;None;COMMUNE DE STRASBOURG;LOCATION, MONTAGE, DEMONTAGE D'UN ENSEMBLE SCENE COUVERTURE ET ANNEXES POUR LA MANIFESTATION ' SYMPHONIE DES ARTS 2019 ';2019-06-19;62178.0;STACCO
A952B80B-8FC3-468E-BBE5-98E4E8424CAD;None;COMMUNE DE STRASBOURG;TRAVAUX DE TRAITEMENT DE L'ENVELOPPE THERMIQUE DE L'ECOLE ELEMENTAIRE GUSTAVE BRANLY A STRASBOURG - ELECTRICITE;2019-06-19;46049.75;SOC ELECTRICITE ECLAIRAGE ILLUMINATION
20192019T0007200;None;COMMUNE DE STRASBOURG;AMENAGEMENT DE BUREAUX DANS L'IMMEUBLE SITUE 15 RUE DES JUIFS A STRASBOURG - DEMOLITIONS INTERIEURES;2019-06-18;56788.13;HANAU
BD2BC639-5A7E-4C2F-B5C2-945748727E53;None;COMMUNE DE STRASBOURG;TRAVAUX DE RACCORDEMENT VDI DE L'ECOLE ELEMENTAIRE NIEDERAU A STRASBOURG - LOT 01 ELECTRICITE VDI;2019-06-18;22400.0;K3E
16E4C45A-E794-44D1-8816-EC3ED11A8BC4;None;COMMUNE DE STRASBOURG;TRAVAUX TOUT CORPS D'ETAT POUR LA VENTILATION DES POSTES DE TRAVAIL AU GRENIER D'ABONDANCE 6 PLACE DU PETIT BROGLIE A STRASBOURG -   - ;2019-06-14;220000.0;SPIE BATIGNOLLES EST
C2339441-2DB3-4125-90E6-4B39473D4E3B;None;COMMUNE DE STRASBOURG;FOURNITURE ET FABRICATION DE MOBILIER POUR LA CONSTRUCTION DU NOUVEAU THEATRE DU MAILLON A STRASBOURG - MOBILIER SUR MESURE;2019-06-14;132702.64;EML INTERACTIVE
19-91942;2;COMMUNE DE STRASBOURG;PRESTATIONS DE BILLETTERIE, SURVEILLANCE ET FILTRAGE DES VISITEURS DE LA PLATEFORME DE LA CATHEDRALE DE STRASBOURG;2019-06-13;580000.0;GROUPE VALLIANCE SECURITE
19-91942;1;COMMUNE DE STRASBOURG;PRESTATIONS DE BILLETTERIE, SURVEILLANCE ET FILTRAGE DES VISITEURS DE LA PLATEFORME DE LA CATHEDRALE DE STRASBOURG;2019-06-13;400000.0;ATTITUDE
20192019T0007100;None;COMMUNE DE STRASBOURG;TRAVAUX D'AMELIORATION DES CONDITIONS DE CHAUFFAGE VENTILATION DANS CERTAINS LOCAUX DE LA CITE DE LA MUSIQUE ET DE LA DANSE;2019-06-13;330000.0;SPIE INDUSTRIE & TERTIAIRE
694AE948-B69E-463E-ABBB-EC85221D544F;None;COMMUNE DE STRASBOURG;FOURNITURE ET FABRICATION DE MOBILIER POUR LA CONSTRUCTION DU NOUVEAU THEATRE DU MAILLON A STRASBOURG - MOBILIER DU COMMERCE 'DESIGN';2019-06-11;94994.0;TERRE DESIGN
20192019T0007000;None;COMMUNE DE STRASBOURG;TRAVAUX D'AMENAGEMENT DU QUARTIER D'AFFAIRES INTERNATIONAL ARCHIPEL WACKEN EUROPE - MOBILIER URBAIN;2019-06-06;337360.0;THIERRY MULLER
20192019T0006900;None;COMMUNE DE STRASBOURG;TRAVAUX D'AMENAGEMENT DU QUARTIER D'AFFAIRES INTERNATIONAL ARCHIPEL WACKEN EUROPE - ECLAIRAGE PUBLIC;2019-06-05;225350.0;SOGECA
A1450A07-CD83-4AFC-9AAB-D1AD2B76C961;None;COMMUNE DE STRASBOURG;TRAVAUX DE REAMENAGEMENT DE LA RUE DU POITOU, TRONCON ENTRE LA RUE DE GASCOGNE ET LA RUE DE LA CANARDIERE, A STRASBOURG-MEINAU - ECLAIRAGE PUBLIC;2019-06-05;49673.6;SOGECA
087F646F-E31D-4AE2-9461-11FBCB399B01;None;COMMUNE DE STRASBOURG;TRAVAUX D'ECLAIRAGE PUBLIC POUR LE REAMENAGEMENT DE LA RUE DU 22 NOVEMBRE A STRASBOURG - GARE KLEBER;2019-06-05;48543.0;SOGECA
7C5DFDA5-C59C-4FF4-98DD-47217CA82767;None;COMMUNE DE STRASBOURG;TRAVAUX DE REAMENAGEMENT DE LA RUE DU POITOU, TRONCON ENTRE LA RUE DE GASCOGNE ET LA RUE DE LA CANARDIERE, A STRASBOURG-MEINAU - ESPACES VERTS;2019-06-05;32065.29;IDVERDE
20192019T0006600;None;COMMUNE DE STRASBOURG;TRAVAUX DE CONSTRUCTION DU NOUVEAU RESTAURANT DU GROUPE SCOLAIRE DU SCHLUTHFELD A STRASBOURG - LOT 2 : CHARPENTE ET BARDAGE BOIS - CHARPENTE ET BARDAGE BOIS;2019-06-04;295192.04;STE D'EXPLOITATION DE LA MENUISERIE CHARPENTE MARTIN FILS
20192019T0006500;None;COMMUNE DE STRASBOURG;TRAVAUX DE RESTRUCTURATION DU GROUPE SCOLAIRE DU HOHBERG A STRASBOURG - PHASE 2 - BATIMENTS MODULAIRES;2019-06-03;1487195.64;COUGNAUD CONSTRUCTION
20192019T0006300;None;COMMUNE DE STRASBOURG;TRAVAUX DE CONSTRUCTION DU NOUVEAU RESTAURANT DU GROUPE SCOLAIRE DU SCHLUTHFELD A STRASBOURG - AMENAGEMENTS EXTERIEURS;2019-05-31;191165.68;THIERRY MULLER
20192019T0006400;None;COMMUNE DE STRASBOURG;TRAVAUX POUR LA RELOCALISATION DU LAPE JARDIN MAGIQUE AU GROUPE SCOLAIRE REUSS STRASBOURG - SOLS COLLES;2019-05-31;7621.7;SOCIETE JEHU ET CIE
20192019T0005500;None;COMMUNE DE STRASBOURG;TRAVAUX DE RESTRUCTURATION ET DE MISE EN SECURITE DU GROUPE SCOLAIRE DU SCHLUTHFELD A STRASBOURG - MENUISERIES EXTERIEURES BOIS;2019-05-29;115755.0;MENUISERIE VOLLMER JEAN
20192019T0006100;None;COMMUNE DE STRASBOURG;TRAVAUX POUR LA RELOCALISATION DU LAPE JARDIN MAGIQUE AU GROUPE SCOLAIRE REUSS STRASBOURG - MENUISERIE INTERIEURE;2019-05-29;30207.9;STUTZMANN AGENCEMENT
20192019T0006200;None;COMMUNE DE STRASBOURG;TRAVAUX POUR LA RELOCALISATION DU LAPE JARDIN MAGIQUE AU GROUPE SCOLAIRE REUSS STRASBOURG - AMENAGEMENT DES ESPACES EXTERIEURS;2019-05-29;11078.0;THIERRY MULLER
20192019S0000500;None;COMMUNE DE STRASBOURG;MISSION DE MAITRISE D'OEUVRE (HORS LOI MOP) POUR LE RACCORDEMENT AU CHAUFFAGE URBAIN DE LA HAUTE ECOLE DES ARTS DU RHIN A STRASBOURG  ;2019-05-28;25000.0;CAP ENERGIES ALSACE
20192019S0000200;None;COMMUNE DE STRASBOURG;ORGANISATION DE LA SOIREE DES OSCARS DU SPORT LE SAMEDI 29 JUIN 2019;2019-05-27;37495.0;AU TRENTE DEUX
20192019T0005700;None;COMMUNE DE STRASBOURG;TRAVAUX DE TRAITEMENT DE L'ENVELOPPE THERMIQUE DE L'ECOLE ELEMENTAIRE GUSTAVE BRANLY A STRASBOURG - OSSATURE BOIS - BARDAGE - MENUISERIE EXTERIEURE BOIS - PROTECTION SOLAIRE;2019-05-24;1176051.2;MENUISERIE HUNSINGER
20192019T0005800;None;COMMUNE DE STRASBOURG;TRAVAUX DE TRAITEMENT DE L'ENVELOPPE THERMIQUE DE L'ECOLE ELEMENTAIRE GUSTAVE BRANLY A STRASBOURG - DEMOLITION - GROS OEUVRE;2019-05-24;112421.68;ZENNA BATIMENT
20192019T0005600;None;COMMUNE DE STRASBOURG;TRAVAUX DE TRAITEMENT DE L'ENVELOPPE THERMIQUE DE L'ECOLE ELEMENTAIRE GUSTAVE BRANLY A STRASBOURG - PLATRERIE - PLAFONDS SUSPENDUS;2019-05-24;65741.8;CILIA
20192019T0000400;None;COMMUNE DE STRASBOURG;TRAVAUX DE TRAITEMENT DE L'ENVELOPPE THERMIQUE DE L'ECOLE ELEMENTAIRE GUSTAVE BRANLY A STRASBOURG - ISOLATION EXTERIEURE - PEINTURE EXTERIEURE - ECHAFAUDAGE;2019-05-24;33000.0;MAYART
20192019T0005900;None;COMMUNE DE STRASBOURG;TRAVAUX DE REFECTION DES FACADES DE LA HEAR - REMISE EN PEINTURE DE MENUISERIES ACIER EXISTANTES;2019-05-24;14259.5;ENTREPRISE DE PEINTURE KNOERR ET MOHR
20192019T0006000;None;COMMUNE DE STRASBOURG;TRAVAUX DE REFECTION DES FACADES DE LA HEAR - REPARATION DE VITRAUX;2019-05-24;10212.96;ROSAZE
20192019T0005300;None;COMMUNE DE STRASBOURG;TRAVAUX DE RESTRUCTURATION ET DE MISE EN SECURITE DU GROUPE SCOLAIRE DU SCHLUTHFELD A STRASBOURG - RAVALEMENTS FACADES PIERRE;2019-05-23;127878.5;DECOPEINT
20192019T0005200;None;COMMUNE DE STRASBOURG;TRAVAUX DE CONSTRUCTION DU NOUVEAU RESTAURANT DU GROUPE SCOLAIRE DU SCHLUTHFELD A STRASBOURG - MENUISERIE EXTERIEURE - MURS RIDEAUX BOIS/ALUMIJNIUM;2019-05-23;55984.55;
20192019T0005400;None;COMMUNE DE STRASBOURG;TRAVAUX DE RESTRUCTURATION ET DE MISE EN SECURITE DU GROUPE SCOLAIRE DU SCHLUTHFELD A STRASBOURG - PARATONNERRE;2019-05-23;45000.0;PROTIBAT
20192019S0006700;None;COMMUNE DE STRASBOURG;CONCEPTION, PRODUCTION ET REALISATION TECHNIQUE D'UN PROJET EVENEMENTIEL CONTEMPLATIF ET SPECTACULAIRE DANS LE CADRE DES FESTIVITES ESTIVALES 2019;2019-05-22;597000.0;PASSE MURAILLE
20192019T0004900;None;COMMUNE DE STRASBOURG;TRAVAUX DE RESTRUCTURATION ET DE MISE EN SECURITE DU GROUPE SCOLAIRE DU SCHLUTHFELD A STRASBOURG - COUVERTURE ZINGUERIE ;2019-05-22;266312.4;BECK COUVERTURE
20192019T0005100;None;COMMUNE DE STRASBOURG;TRAVAUX DE MISE EN SECURITE, ACCESSIBILITE ET RENOVATION DE L'ECOLE MATERNELLE VAUBAN A STRASBOURG - LOT 7 : METALLERIE SERRURERIE;2019-05-22;119448.15;SERRURERIE METALLERIE WEISS HOH
20192019T0004700;None;COMMUNE DE STRASBOURG;TRAVAUX DE CONSTRUCTION DU NOUVEAU THEATRE DU MAILLON A STRASBOURG. - REVETEMENT DE SOL CAOUTCHOUC;2019-05-22;84687.3;ABRY ARNOLD
20192019T0004800;None;COMMUNE DE STRASBOURG;TRAVAUX DE CONSTRUCTION DU NOUVEAU THEATRE DU MAILLON A STRASBOURG. - EQUIPEMENTS DE CUISINE;2019-05-22;68084.83;SCHNELL GRANDE CUISINE
20192019T0005000;None;COMMUNE DE STRASBOURG;TRAVAUX DE RESTRUCTURATION ET DE MISE EN SECURITE DU GROUPE SCOLAIRE DU SCHLUTHFELD A STRASBOURG - ECHAFAUDAGE;2019-05-22;65006.0;CIREME
20192019T0004300;None;COMMUNE DE STRASBOURG;TRAVAUX POUR LA RELOCALISATION DU LAPE JARDIN MAGIQUE AU GROUPE SCOLAIRE REUSS STRASBOURG - GROS -OEUVRE -TERRASSEMENT - DEMOLITION;2019-05-21;97087.28;SOCASTO
20192019T0004500;None;COMMUNE DE STRASBOURG;TRAVAUX POUR LA RELOCALISATION DU LAPE JARDIN MAGIQUE AU GROUPE SCOLAIRE REUSS STRASBOURG - SANITAIRE - ASSAINISSEMENT;2019-05-21;22055.1;SANICHAUF
20192019T0004400;None;COMMUNE DE STRASBOURG;TRAVAUX POUR LA RELOCALISATION DU LAPE JARDIN MAGIQUE AU GROUPE SCOLAIRE REUSS STRASBOURG - CHAUFFAGE - VENTILATION;2019-05-21;18233.75;SANICHAUF
20192019T0004600;None;COMMUNE DE STRASBOURG;TRAVAUX POUR LA RELOCALISATION DU LAPE JARDIN MAGIQUE AU GROUPE SCOLAIRE REUSS STRASBOURG - COUVERTURE - ETANCHEITE;2019-05-21;10921.26;SOPREMA ENTREPRISES
20192019T0004100;None;COMMUNE DE STRASBOURG;TRAVAUX POUR LA RELOCALISATION DU LAPE JARDIN MAGIQUE AU GROUPE SCOLAIRE REUSS STRASBOURG - PEINTURE EXTERIEURE - INTERIEURE;2019-05-20;9884.0;MAYART
20192019T0004200;None;COMMUNE DE STRASBOURG;TRAVAUX POUR LA RELOCALISATION DU LAPE JARDIN MAGIQUE AU GROUPE SCOLAIRE REUSS STRASBOURG - PLATRERIE - FAUX PLAFOND;2019-05-20;8500.0;RUIU
20192019F0002900;None;COMMUNE DE STRASBOURG;INSTALLATION ET GESTION D'UNE BASE NAUTIQUE URBAINE DANS LE CADRE DES ANIMATIONS ET FESTIVITES ESTIVALES 2019 DE LA VILLE DE STRASBOURG;2019-05-16;121900.0;BOAZ CONCEPT
20192019T0004000;None;COMMUNE DE STRASBOURG;TRAVAUX DE MODERNISATION DE L'ASCENSEUR ET DE REFECTION DES COURSIVES DE LA HALLE DU MARCHE DU NEUDORF A STRASBOURG - ESCALIERS EN BOIS;2019-05-14;21614.0;MENUISERIE SCHALCK
20192019S0003800;None;COMMUNE DE STRASBOURG;SONDAGES PREOPERATIONNELS DANS LE CADRE DU REDEPLOIEMENT PARTIEL DE LA HAUTE ECOLE DESARTS DU RHIN DANS LES BATIMENTS DE LA MANUFACTURE DE TABACS - SONDAGES STRUCTURELS;2019-05-13;37345.0;GEOTEC
20192019S0003900;None;COMMUNE DE STRASBOURG;SONDAGES PREOPERATIONNELS DANS LE CADRE DU REDEPLOIEMENT PARTIEL DE LA HAUTE ECOLE DESARTS DU RHIN DANS LES BATIMENTS DE LA MANUFACTURE DE TABACS - SONDAGES G?OTECHNIQUES ET EQRS;2019-05-13;35500.0;GEOTEC
20192019T0003700;None;COMMUNE DE STRASBOURG;TRAVAUX DE MODERNISATION DE L'ASCENSEUR ET DE REFECTION DES COURSIVES DE LA HALLE DU MARCHE DU NEUDORF A STRASBOURG - ASCENSEUR;2019-05-13;35000.0;SCHINDLER
20192019S0002800;None;COMMUNE DE STRASBOURG;PRESTATIONS DE FORAGE DE PUITS ET D'ARROSAGE AUTOMATIQUE - PRESTATION DE FORAGE DES PUITS;2019-05-11;None;CSI
20192019T0003500;None;COMMUNE DE STRASBOURG;REMPLACEMENT DE MENUISERIES EXTERIEURES BOIS ET ALUMINIUM, DESENFUMAGE ET DEPOSE DE CHASSIS AMIANTES IMMEUBLE 8 RUE STOLTZ A STRASBOURG;2019-05-10;237226.0;MENUISERIE HUNSINGER
20192019T0003400;None;COMMUNE DE STRASBOURG;TRAVAUX DE REFECTION DES FACADES DE LA HEAR - MENUISERIE EXT?RIEURE ALUMINIUM - TRANCHE 2;2019-05-10;159247.5;MENUISERIE ETTWILLER
20192019T0003600;None;COMMUNE DE STRASBOURG;TRAVAUX DE MODERNISATION DE L'ASCENSEUR ET DE REFECTION DES COURSIVES DE LA HALLE DU MARCHE DU NEUDORF A STRASBOURG - SERRURERIE - METALLERIE;2019-05-10;58744.07;SERRURERIE METALLERIE WEISS HOH
20192019T0000200;None;COMMUNE DE STRASBOURG;TRAVAUX DE CONSTRUCTION DU NOUVEAU RESTAURANT DU GROUPE SCOLAIRE DU SCHLUTHFELD A STRASBOURG - PEINTURE;2019-05-10;38655.13;HITTIER ET FILS
20192019T0003300;None;COMMUNE DE STRASBOURG;TRAVAUX DE MODERNISATION DE L'ASCENSEUR ET DE REFECTION DES COURSIVES DE LA HALLE DU MARCHE DU NEUDORF A STRASBOURG - PEINTURE;2019-05-10;37434.4;MAYART
20192019S0000300;None;COMMUNE DE STRASBOURG;LOT NDEG29 DEMENAGEMENT;2019-05-10;24344.0;AXAL
20192019T0003200;None;COMMUNE DE STRASBOURG;TRAVAUX DE RESTRUCTURATION DE LA MAISON DE L'ENFANCE SIS 24 RUE DE WASSELONNE A STRASBOURG. - SOLS SOUPLES;2019-05-10;4536.73;ABRY ARNOLD
20192019S0002700;None;COMMUNE DE STRASBOURG;PRESTATIONS DE FORAGE DE PUITS ET D'ARROSAGE AUTOMATIQUE - MAINTENANCE DU SYSTEME D'ARROSAGE INTEGRE AUTOMATIQUE DE MARQUE 'RAIN-BIRD'   ET TORO;2019-05-10;None;GANTZER TP
20192019T0003000;None;COMMUNE DE STRASBOURG;TRAVAUX DE TRAITEMENT DE L'ENVELOPPE THERMIQUE DE L'ECOLE ELEMENTAIRE GUSTAVE BRANLY A STRASBOURG - PEINTURE INTERIEURE - NETTOYAGE;2019-05-09;81383.18;MAYART
20192019T0003100;None;COMMUNE DE STRASBOURG;TRAVAUX DE TRAITEMENT DE L'ENVELOPPE THERMIQUE DE L'ECOLE ELEMENTAIRE GUSTAVE BRANLY A STRASBOURG - ETANCHEITE - ZINGUERIE;2019-05-09;70883.99;BECK COUVERTURE
20192019S0002600;None;COMMUNE DE STRASBOURG;ENREGISTREMENT ET RETRANSMISSION D'EVENEMENTS OFFICIELS DE LA VILLE ET DE L'EUROMETROPOLE DE STRASBOURG;2019-04-04;None;VIA STORIA
20192019S0002500;None;COMMUNE DE STRASBOURG;STOCKAGE, POSE, DEPOSE, ET NETTOYAGE ET REPARATION DES PANNEAUX D'AFFICHAGE ELECTORAL - ;2019-04-01;None;SIGNATURE
20192019T0002300;None;COMMUNE DE STRASBOURG;MARCHE SUBSEQUENT RELATIF AU CSC FOSSE DES TREIZE SITUE 6 RUE FINKMATT A STRASBOURG;2019-03-14;191245.0;CONCEPTEURS BATISSEURS ASSEMBLEURS
20192019S0002400;None;COMMUNE DE STRASBOURG;MISSIONS DE CONTROLE TECHNIQUE ET DE COORDINATION SPS POUR LA CREATION D'UN NOUVEAU GROUPE SCOLAIRE - RUE JEAN MENTELIN A STRASBOURG KOENIGSHOFFEN - CONTROLE TECHNIQUE;2019-03-14;46954.0;BUREAU ALPES CONTROLES
20192019F0001800;None;COMMUNE DE STRASBOURG; FOURNITURE ET POSE DE MOBILIERS URBAINS QUAIS SUD DE L'ILL A STRASBOURG;2019-03-13;100304.5;PRO URBA
20192019S0001700;None;COMMUNE DE STRASBOURG;PRESTATIONS DE NETTOYAGE D'EQUIPEMENTS SPORTIFS DE LA VILLE DE STRASBOURG - SECTEUR ROTONDE;2019-03-04;22341.0;ACCESS ASSISTANCE
20192019T0001300;None;COMMUNE DE STRASBOURG;TRAVAUX DE CONSTRUCTION DU NOUVEAU RESTAURANT DU GROUPE SCOLAIRE DU SCHLUTHFELD A STRASBOURG - MURS RIDEAUX ALUMINIUM;2019-03-01;115000.0;ATALU
20192019T0000100;None;COMMUNE DE STRASBOURG;MISE AUX NORMES WTA DE 2 COURTS DE TENNIS EN TERRE BATTUE AU TENNIS CLUB DE STRASBOURG RUE PIERRE DE COUBERTIN A STRASBOURG;2019-03-01;87156.3;SUPERSOL
20192019T0001200;None;COMMUNE DE STRASBOURG;TRAVAUX DE CONSTRUCTION DU NOUVEAU RESTAURANT DU GROUPE SCOLAIRE DU SCHLUTHFELD A STRASBOURG - ETANCHEITE - VEGETALISATION;2019-02-21;141767.08;SOPREMA ENTREPRISES
20192019T0001500;None;COMMUNE DE STRASBOURG;TRAVAUX DE CONSTRUCTION DU NOUVEAU RESTAURANT DU GROUPE SCOLAIRE DU SCHLUTHFELD A STRASBOURG - GROS OEUVRE;2019-02-20;752146.92;ENTREPRISE DE CONSTRUCTION WIMMER
20192019T0001100;None;COMMUNE DE STRASBOURG;TRAVAUX DE CONSTRUCTION DU NOUVEAU RESTAURANT DU GROUPE SCOLAIRE DU SCHLUTHFELD A STRASBOURG - METALLERIE;2019-02-20;74471.28;COMEPOR EST
20192019T0001000;None;COMMUNE DE STRASBOURG;TRAVAUX DE CONSTRUCTION DU NOUVEAU RESTAURANT DU GROUPE SCOLAIRE DU SCHLUTHFELD A STRASBOURG - CHARPENTE METALLIQUE;2019-02-20;34728.4;COMEPOR EST
20192019F0002200;None;COMMUNE DE STRASBOURG;CONCEPTION , FOURNITURE ET INSTALLATION D EMOBILIER DE RESERVE.;2019-02-18;53379.0;BRUYNZEEL RANGEMENTS
20192019S0001900;None;COMMUNE DE STRASBOURG;RECONSTITUTION HISTORIQUE ET REALISATION D'ANIMATIONS SUR SUPPORT - MULTIMEDIA DANS LE CADRE DE L'AMENAGEMENT DE LA MAISON DES GARDIENS ET DES ACCES A LA PLATEFORME - DE LA CATHEDRALE NOTRE DAME DE STRASBOURG.;2019-02-08;64875.0;INVENTIVE
20192019S0000500;None;COMMUNE DE STRASBOURG;PRESTATIONS DE NETTOYAGE D'EQUIPEMENTS SPORTIFS DE LA VILLE DE STRASBOURG - SECTEUR ROBERTSAU / CITE DE L'ILL;2019-02-06;100000.0;ACCESS ASSISTANCE
20192019S0000700;None;COMMUNE DE STRASBOURG;PRESTATIONS DE NETTOYAGE D'EQUIPEMENTS SPORTIFS DE LA VILLE DE STRASBOURG - SECTEUR KOENIGSHOFFEN;2019-02-06;95000.0;ACCESS ASSISTANCE
20192019S0000800;None;COMMUNE DE STRASBOURG;PRESTATIONS DE NETTOYAGE D'EQUIPEMENTS SPORTIFS DE LA VILLE DE STRASBOURG - SECTEUR NEUDORF / PORT DU RHIN;2019-02-06;50000.0;ACCESS ASSISTANCE
20192019S0000600;None;COMMUNE DE STRASBOURG;PRESTATIONS DE NETTOYAGE D'EQUIPEMENTS SPORTIFS DE LA VILLE DE STRASBOURG - SECTEUR ORANGERIE;2019-02-06;30000.0;ACCESS ASSISTANCE
20192019S0000400;None;COMMUNE DE STRASBOURG;SEANCES D'EVEIL MUSICAL POUR LES ENFANTS JUSQU'A 4 ANS DANS LES ETABLISSEMENTS D'ACCUEIL GERES PAR LA VILLE DE STRASBOURG (CRECHES, HALTE-GARDERIE, JARDINS D'ENFANTS).;2019-01-30;None;ARTENREEL
20192019S0001400;None;COMMUNE DE STRASBOURG;PRESTATIONS DE DEBARDAGE DE LA FORET DE L'OEUVRE NOTRE DAME;2019-01-30;None;DEBARDAGE DIEDA FRERES
20192019S0000200;None;COMMUNE DE STRASBOURG; PRESTATIONS DE TRANSFERTS PAR VOITURE DES PARLEMENTAIRES EUROPEENS ET DE DELEGATIONS - PRESTATION DE TRANSPORT PAR VOITURE;2019-01-28;None;ASSOCIATION CENTRALE AUTO TAXI
20192019S0000300;None;COMMUNE DE STRASBOURG; PRESTATIONS DE TRANSFERTS PAR VOITURE DES PARLEMENTAIRES EUROPEENS ET DE DELEGATIONS - PRESTATION DE TRANSPORT PAR VOITURE DE PERSONNALITES;2019-01-28;None;ASSOCIATION CENTRALE AUTO TAXI
20192019S0002100;None;COMMUNE DE STRASBOURG;ASSISTANCE A LA MAITRISE D'OUVRAGE POUR L'IMPLANTATION DES MOBILIERS DE STOCKAGE AU SEIN DU POLE D'ETUDE ET DE CONSERVATION DES MUSEES DE LA VILLE DE STRASBOURG AINSI QU'UNE ASSISTANCE A LA REDACTION DU DOSSIER DE CONSULTATION DES ENTREPRISES,;2019-01-08;None;FONTENAS*HUGUES/
20192019S0000100;None;COMMUNE DE STRASBOURG; PRESTATIONS DE TRANSFERTS PAR VOITURE DES PARLEMENTAIRES EUROPEENS ET DE DELEGATIONS - PRESTATION DE TRANSPORT DE VOITURE;2019-01-05;None;INTERNATIONAL TRANSPORTS SERVICES
